{"nwrmsle": 0.7749668920014331, "r2_score": 0.12400277260922932}